id,passResult
88_2018122200,I
110_2018122200,C
163_2018122200,I
218_2018122200,I
289_2018122200,C
358_2018122200,C
383_2018122200,I
478_2018122200,C
787_2018122200,C
834_2018122200,C
904_2018122200,I
995_2018122200,C
1043_2018122200,S
1085_2018122200,C
1176_2018122200,C
1322_2018122200,C
1353_2018122200,C
1400_2018122200,C
1479_2018122200,S
1499_2018122200,C
1524_2018122200,C
1560_2018122200,I
1599_2018122200,C
1624_2018122200,C
1656_2018122200,C
1709_2018122200,S
1772_2018122200,S
1864_2018122200,C
1933_2018122200,I
2025_2018122200,I
2073_2018122200,I
2153_2018122200,I
2217_2018122200,C
2253_2018122200,C
2300_2018122200,I
2355_2018122200,C
2424_2018122200,I
2446_2018122200,I
2530_2018122200,C
2621_2018122200,C
2646_2018122200,I
2668_2018122200,C
2693_2018122200,C
2973_2018122200,C
3020_2018122200,I
3042_2018122200,S
3102_2018122200,C
3155_2018122200,I
3177_2018122200,I
3277_2018122200,C
3413_2018122200,C
3477_2018122200,C
3502_2018122200,IN
3696_2018122200,I
3718_2018122200,IN
62_2018122201,IN
155_2018122201,I
233_2018122201,C
258_2018122201,I
310_2018122201,C
335_2018122201,C
382_2018122201,C
442_2018122201,I
464_2018122201,S
541_2018122201,C
566_2018122201,C
638_2018122201,I
778_2018122201,C
803_2018122201,C
889_2018122201,C
986_2018122201,I
1041_2018122201,C
1066_2018122201,C
1183_2018122201,I
1341_2018122201,I
1424_2018122201,I
1510_2018122201,C
1538_2018122201,C
1580_2018122201,C
1628_2018122201,C
1719_2018122201,I
1752_2018122201,C
1788_2018122201,I
1810_2018122201,I
1832_2018122201,I
1896_2018122201,I
1918_2018122201,C
1960_2018122201,I
1982_2018122201,I
2038_2018122201,C
2347_2018122201,C
2372_2018122201,C
2429_2018122201,C
2509_2018122201,S
2529_2018122201,C
2580_2018122201,C
2649_2018122201,I
2704_2018122201,S
2734_2018122201,I
2853_2018122201,S
2873_2018122201,C
2940_2018122201,C
2987_2018122201,I
3051_2018122201,C
3076_2018122201,C
3118_2018122201,I
3140_2018122201,I
3162_2018122201,I
3304_2018122201,C
3351_2018122201,C
3404_2018122201,S
3424_2018122201,C
3471_2018122201,I
3493_2018122201,C
3518_2018122201,C
3565_2018122201,S
3649_2018122201,S
3745_2018122201,C
3817_2018122201,C
3842_2018122201,C
3884_2018122201,C
3909_2018122201,I
3931_2018122201,I
3953_2018122201,IN
51_2018122300,I
86_2018122300,C
111_2018122300,I
181_2018122300,C
234_2018122300,C
281_2018122300,I
303_2018122300,C
351_2018122300,C
574_2018122300,I
648_2018122300,C
724_2018122300,I
746_2018122300,C
793_2018122300,I
838_2018122300,C
886_2018122300,C
943_2018122300,C
968_2018122300,C
1032_2018122300,C
1057_2018122300,C
1104_2018122300,C
1135_2018122300,IN
1213_2018122300,I
1273_2018122300,C
1298_2018122300,C
1379_2018122300,C
1404_2018122300,C
1453_2018122300,C
1506_2018122300,C
1531_2018122300,C
1610_2018122300,C
1635_2018122300,I
1657_2018122300,C
1721_2018122300,C
1785_2018122300,C
1827_2018122300,C
1913_2018122300,C
1938_2018122300,I
1960_2018122300,I
1992_2018122300,C
2017_2018122300,I
2039_2018122300,I
2061_2018122300,I
2189_2018122300,C
2247_2018122300,C
2294_2018122300,C
2372_2018122300,C
2397_2018122300,C
2430_2018122300,C
2518_2018122300,C
2589_2018122300,C
2614_2018122300,C
2639_2018122300,C
2714_2018122300,C
2751_2018122300,C
2863_2018122300,I
2885_2018122300,C
2910_2018122300,I
2932_2018122300,C
2957_2018122300,S
3000_2018122300,C
3140_2018122300,C
3171_2018122300,I
3289_2018122300,C
3375_2018122300,I
3431_2018122300,S
3453_2018122300,C
3478_2018122300,C
3503_2018122300,I
3525_2018122300,C
3550_2018122300,I
3572_2018122300,I
3594_2018122300,I
3787_2018122300,I
3809_2018122300,C
3834_2018122300,I
3895_2018122300,C
3920_2018122300,C
3962_2018122300,C
3987_2018122300,C
4012_2018122300,I
4045_2018122300,C
4102_2018122300,C
4127_2018122300,C
4158_2018122300,IN
81_2018122302,C
106_2018122302,C
176_2018122302,C
207_2018122302,C
254_2018122302,C
333_2018122302,C
364_2018122302,C
417_2018122302,I
452_2018122302,C
602_2018122302,C
638_2018122302,C
760_2018122302,C
791_2018122302,I
839_2018122302,S
877_2018122302,C
957_2018122302,I
1056_2018122302,C
1092_2018122302,C
1117_2018122302,C
1251_2018122302,C
1276_2018122302,S
1305_2018122302,C
1352_2018122302,I
1425_2018122302,C
1462_2018122302,C
1490_2018122302,I
1529_2018122302,C
1562_2018122302,S
1602_2018122302,C
1717_2018122302,S
1940_2018122302,C
1987_2018122302,C
2067_2018122302,I
2114_2018122302,S
2176_2018122302,C
2285_2018122302,I
2393_2018122302,S
2478_2018122302,C
2503_2018122302,S
2523_2018122302,I
2545_2018122302,I
2665_2018122302,S
2695_2018122302,I
2787_2018122302,I
2910_2018122302,C
3048_2018122302,C
3137_2018122302,I
3193_2018122302,I
3260_2018122302,IN
3348_2018122302,C
3395_2018122302,C
3448_2018122302,C
3506_2018122302,S
3568_2018122302,C
3610_2018122302,C
126_2018122304,C
173_2018122304,C
198_2018122304,C
245_2018122304,I
289_2018122304,C
397_2018122304,I
454_2018122304,C
519_2018122304,C
566_2018122304,I
588_2018122304,C
635_2018122304,C
688_2018122304,I
732_2018122304,C
761_2018122304,I
807_2018122304,C
883_2018122304,I
944_2018122304,I
1036_2018122304,I
1078_2018122304,C
1120_2018122304,S
1172_2018122304,C
1231_2018122304,C
1256_2018122304,C
1287_2018122304,C
1312_2018122304,I
1334_2018122304,S
1429_2018122304,C
1523_2018122304,I
1556_2018122304,C
1609_2018122304,C
1634_2018122304,I
1720_2018122304,C
1745_2018122304,C
1770_2018122304,C
1911_2018122304,C
2014_2018122304,IN
2041_2018122304,I
2102_2018122304,C
2164_2018122304,C
2195_2018122304,S
2229_2018122304,I
2251_2018122304,I
2305_2018122304,C
2370_2018122304,I
2399_2018122304,C
2455_2018122304,I
2530_2018122304,I
2552_2018122304,C
2577_2018122304,I
2702_2018122304,C
2727_2018122304,I
2749_2018122304,C
2816_2018122304,C
2841_2018122304,I
2885_2018122304,C
2955_2018122304,C
3034_2018122304,C
3081_2018122304,C
3106_2018122304,C
3170_2018122304,C
3195_2018122304,C
3275_2018122304,IN
3386_2018122304,C
3411_2018122304,I
3487_2018122304,C
3512_2018122304,C
3537_2018122304,C
3562_2018122304,I
3606_2018122304,C
3631_2018122304,I
3686_2018122304,C
3711_2018122304,C
3742_2018122304,I
3836_2018122304,I
3858_2018122304,C
3883_2018122304,I
3905_2018122304,I
3927_2018122304,I
3949_2018122304,S
4013_2018122304,C
4058_2018122304,C
4083_2018122304,C
4134_2018122304,I
4156_2018122304,C
4181_2018122304,C
4223_2018122304,C
4290_2018122304,IN
70_2018122305,I
92_2018122305,C
147_2018122305,I
169_2018122305,C
371_2018122305,C
430_2018122305,S
513_2018122305,C
549_2018122305,I
593_2018122305,C
629_2018122305,I
721_2018122305,I
769_2018122305,I
870_2018122305,C
912_2018122305,C
937_2018122305,C
984_2018122305,C
1009_2018122305,C
1078_2018122305,C
1135_2018122305,I
1163_2018122305,C
1189_2018122305,S
1246_2018122305,C
1303_2018122305,C
1412_2018122305,I
1467_2018122305,I
1489_2018122305,I
1528_2018122305,C
1575_2018122305,C
1715_2018122305,C
1762_2018122305,C
1969_2018122305,C
2016_2018122305,C
2125_2018122305,I
2167_2018122305,C
2214_2018122305,C
2245_2018122305,C
2296_2018122305,C
2343_2018122305,I
2365_2018122305,C
2430_2018122305,C
2494_2018122305,C
2541_2018122305,C
2588_2018122305,I
2610_2018122305,C
2635_2018122305,S
2728_2018122305,C
2753_2018122305,I
2775_2018122305,C
2822_2018122305,C
2847_2018122305,C
2872_2018122305,I
2894_2018122305,C
3001_2018122305,C
3026_2018122305,I
3048_2018122305,C
3137_2018122305,C
3206_2018122305,C
3247_2018122305,C
3394_2018122305,I
3444_2018122305,C
3491_2018122305,C
3615_2018122305,C
65_2018122306,C
90_2018122306,C
118_2018122306,C
204_2018122306,I
226_2018122306,I
304_2018122306,C
329_2018122306,I
351_2018122306,C
460_2018122306,C
485_2018122306,C
595_2018122306,C
653_2018122306,C
713_2018122306,C
760_2018122306,C
807_2018122306,C
832_2018122306,S
1028_2018122306,C
1075_2018122306,C
1139_2018122306,C
1164_2018122306,I
1186_2018122306,C
1217_2018122306,I
1278_2018122306,I
1300_2018122306,C
1381_2018122306,C
1406_2018122306,C
1494_2018122306,I
1558_2018122306,C
1633_2018122306,I
1697_2018122306,I
1742_2018122306,S
1805_2018122306,I
1866_2018122306,C
1942_2018122306,I
1964_2018122306,C
2000_2018122306,C
2025_2018122306,C
2050_2018122306,I
2072_2018122306,C
2240_2018122306,C
2271_2018122306,S
2334_2018122306,C
2398_2018122306,I
2440_2018122306,C
2487_2018122306,C
2512_2018122306,S
2532_2018122306,I
2554_2018122306,I
2618_2018122306,C
2665_2018122306,C
2696_2018122306,C
2721_2018122306,C
2768_2018122306,C
2828_2018122306,C
2850_2018122306,C
3017_2018122306,I
3039_2018122306,C
3123_2018122306,C
3154_2018122306,I
3198_2018122306,C
3240_2018122306,C
3265_2018122306,C
3312_2018122306,C
3343_2018122306,C
3396_2018122306,C
3466_2018122306,C
3513_2018122306,I
3658_2018122306,C
3822_2018122306,C
3884_2018122306,C
3920_2018122306,I
3942_2018122306,C
3967_2018122306,C
3992_2018122306,C
4017_2018122306,C
4042_2018122306,C
4073_2018122306,C
4098_2018122306,C
131_2018122307,I
188_2018122307,C
323_2018122307,I
371_2018122307,C
553_2018122307,I
647_2018122307,C
678_2018122307,I
726_2018122307,C
757_2018122307,C
806_2018122307,I
895_2018122307,C
942_2018122307,S
1033_2018122307,I
1057_2018122307,I
1136_2018122307,C
1161_2018122307,C
1210_2018122307,I
1331_2018122307,S
1405_2018122307,C
1430_2018122307,C
1481_2018122307,C
1506_2018122307,I
1539_2018122307,C
1594_2018122307,I
1660_2018122307,C
1724_2018122307,C
1827_2018122307,I
1849_2018122307,C
1933_2018122307,C
1998_2018122307,I
2024_2018122307,I
2057_2018122307,C
2082_2018122307,I
2104_2018122307,C
2176_2018122307,C
2218_2018122307,C
2290_2018122307,C
2321_2018122307,C
2368_2018122307,C
2450_2018122307,I
2472_2018122307,C
2547_2018122307,C
2638_2018122307,C
2669_2018122307,C
2738_2018122307,C
2793_2018122307,I
2877_2018122307,I
2899_2018122307,C
3013_2018122307,I
3035_2018122307,S
3087_2018122307,C
3170_2018122307,C
3295_2018122307,C
3326_2018122307,C
3397_2018122307,C
3464_2018122307,C
3511_2018122307,C
3536_2018122307,I
3604_2018122307,C
3629_2018122307,I
3703_2018122307,I
3747_2018122307,I
3817_2018122307,I
3842_2018122307,I
3864_2018122307,C
3889_2018122307,S
3931_2018122307,C
4043_2018122307,C
4068_2018122307,I
4101_2018122307,C
4126_2018122307,I
4152_2018122307,I
4334_2018122307,C
4376_2018122307,I
4398_2018122307,C
4434_2018122307,C
4459_2018122307,C
4484_2018122307,I
4506_2018122307,I
4528_2018122307,I
4589_2018122307,S
103_2018122308,I
149_2018122308,I
171_2018122308,C
196_2018122308,I
238_2018122308,C
302_2018122308,I
554_2018122308,I
733_2018122308,I
755_2018122308,C
802_2018122308,I
847_2018122308,C
895_2018122308,I
917_2018122308,C
970_2018122308,C
1001_2018122308,I
1082_2018122308,S
1194_2018122308,I
1253_2018122308,C
1312_2018122308,C
1421_2018122308,IN
1448_2018122308,C
1527_2018122308,IN
1582_2018122308,C
1630_2018122308,C
1667_2018122308,I
1689_2018122308,C
1740_2018122308,C
1810_2018122308,I
1900_2018122308,C
1929_2018122308,I
2033_2018122308,IN
2060_2018122308,C
2109_2018122308,I
2257_2018122308,C
2308_2018122308,I
2344_2018122308,C
2369_2018122308,I
2391_2018122308,I
2413_2018122308,I
2481_2018122308,C
2611_2018122308,C
2680_2018122308,I
2702_2018122308,C
2812_2018122308,C
2859_2018122308,C
2967_2018122308,I
2989_2018122308,I
3061_2018122308,C
3108_2018122308,C
3155_2018122308,I
3177_2018122308,I
3219_2018122308,I
3267_2018122308,I
3502_2018122308,C
3527_2018122308,I
3549_2018122308,I
3682_2018122308,I
3704_2018122308,C
3729_2018122308,C
3754_2018122308,I
3780_2018122308,IN
3932_2018122308,C
3957_2018122308,C
3982_2018122308,C
4058_2018122308,I
4080_2018122308,C
4111_2018122308,C
4136_2018122308,I
4158_2018122308,C
59_2018122309,C
108_2018122309,C
155_2018122309,S
175_2018122309,I
230_2018122309,I
274_2018122309,S
294_2018122309,C
319_2018122309,I
400_2018122309,C
485_2018122309,C
510_2018122309,C
557_2018122309,C
604_2018122309,C
646_2018122309,C
671_2018122309,I
818_2018122309,C
959_2018122309,C
998_2018122309,C
1056_2018122309,C
1200_2018122309,C
1265_2018122309,C
1324_2018122309,C
1394_2018122309,C
1551_2018122309,C
1576_2018122309,C
1601_2018122309,C
1722_2018122309,C
1832_2018122309,I
1854_2018122309,I
1876_2018122309,I
2044_2018122309,C
2102_2018122309,C
2133_2018122309,C
2164_2018122309,C
2235_2018122309,I
2342_2018122309,C
2377_2018122309,C
2447_2018122309,C
2472_2018122309,C
2503_2018122309,C
2528_2018122309,C
2559_2018122309,C
2606_2018122309,I
2662_2018122309,C
2687_2018122309,C
2714_2018122309,C
2797_2018122309,C
2828_2018122309,C
3031_2018122309,C
3056_2018122309,C
3115_2018122309,C
3140_2018122309,I
3173_2018122309,I
3214_2018122309,C
3289_2018122309,S
3339_2018122309,S
3367_2018122309,C
3392_2018122309,C
3417_2018122309,I
3439_2018122309,I
3461_2018122309,I
3517_2018122309,C
3593_2018122309,C
3624_2018122309,I
3648_2018122309,I
3712_2018122309,C
3774_2018122309,C
3805_2018122309,I
3844_2018122309,C
3869_2018122309,C
3894_2018122309,I
3916_2018122309,I
4067_2018122309,C
4286_2018122309,I
4359_2018122309,C
4384_2018122309,I
4406_2018122309,C
4437_2018122309,C
4479_2018122309,I
4540_2018122309,I
4562_2018122309,I
4732_2018122309,C
4764_2018122309,C
4789_2018122309,I
4815_2018122309,I
4838_2018122309,I
5005_2018122309,I
5027_2018122309,C
5056_2018122309,I
5210_2018122309,I
5299_2018122309,C
81_2018122310,I
103_2018122310,C
154_2018122310,I
198_2018122310,C
223_2018122310,C
292_2018122310,C
317_2018122310,C
342_2018122310,C
367_2018122310,I
411_2018122310,C
436_2018122310,C
515_2018122310,C
540_2018122310,C
565_2018122310,C
596_2018122310,C
633_2018122310,S
725_2018122310,C
795_2018122310,I
898_2018122310,I
942_2018122310,C
1015_2018122310,I
1037_2018122310,C
1143_2018122310,S
1235_2018122310,I
1312_2018122310,C
1343_2018122310,C
1390_2018122310,C
1437_2018122310,C
1462_2018122310,I
1491_2018122310,I
1513_2018122310,I
1603_2018122310,C
1628_2018122310,I
1650_2018122310,C
1675_2018122310,C
1738_2018122310,C
1785_2018122310,C
1860_2018122310,I
1882_2018122310,I
1954_2018122310,C
2049_2018122310,C
2074_2018122310,C
2156_2018122310,C
2182_2018122310,C
2207_2018122310,C
2233_2018122310,I
2278_2018122310,C
2344_2018122310,C
2419_2018122310,I
2463_2018122310,C
2517_2018122310,IN
2544_2018122310,C
2597_2018122310,C
2642_2018122310,C
2673_2018122310,C
2698_2018122310,C
2778_2018122310,C
2916_2018122310,C
2985_2018122310,I
3026_2018122310,C
3113_2018122310,C
3138_2018122310,C
3163_2018122310,C
3244_2018122310,C
3269_2018122310,I
3291_2018122310,S
3350_2018122310,C
3425_2018122310,C
3508_2018122310,C
3597_2018122310,C
3622_2018122310,C
3647_2018122310,I
3677_2018122310,C
3702_2018122310,C
3727_2018122310,I
3749_2018122310,S
3769_2018122310,C
3816_2018122310,C
3880_2018122310,I
3902_2018122310,C
3964_2018122310,C
3989_2018122310,C
4020_2018122310,C
4125_2018122310,C
4167_2018122310,I
4206_2018122310,C
4270_2018122310,S
4290_2018122310,I
4312_2018122310,C
4337_2018122310,I
4398_2018122310,C
4486_2018122310,I
4508_2018122310,I
4530_2018122310,C
4566_2018122310,I
4592_2018122310,I
4614_2018122310,C
4645_2018122310,I
73_2018122311,C
126_2018122311,I
148_2018122311,C
179_2018122311,S
262_2018122311,C
287_2018122311,C
369_2018122311,S
389_2018122311,C
414_2018122311,C
543_2018122311,I
584_2018122311,C
610_2018122311,C
635_2018122311,C
751_2018122311,C
776_2018122311,I
835_2018122311,I
870_2018122311,I
1008_2018122311,I
1030_2018122311,C
1218_2018122311,C
1249_2018122311,I
1311_2018122311,I
1372_2018122311,C
1455_2018122311,C
1480_2018122311,C
1626_2018122311,C
1673_2018122311,C
1806_2018122311,C
1865_2018122311,I
1887_2018122311,C
1912_2018122311,C
1937_2018122311,I
2018_2018122311,C
2179_2018122311,I
2201_2018122311,C
2270_2018122311,S
2290_2018122311,I
2421_2018122311,C
2468_2018122311,C
2511_2018122311,C
2547_2018122311,C
2572_2018122311,C
2597_2018122311,C
2715_2018122311,I
2938_2018122311,I
2960_2018122311,S
3098_2018122311,C
3123_2018122311,I
3217_2018122311,C
3264_2018122311,I
3286_2018122311,I
3312_2018122311,S
3419_2018122311,C
3444_2018122311,C
3538_2018122311,S
3594_2018122311,I
3793_2018122311,C
3818_2018122311,C
3854_2018122311,C
3882_2018122311,C
3907_2018122311,I
3929_2018122311,I
3951_2018122311,C
81_2018122312,C
132_2018122312,C
157_2018122312,I
222_2018122312,C
247_2018122312,I
363_2018122312,C
415_2018122312,I
459_2018122312,C
508_2018122312,C
538_2018122312,I
560_2018122312,I
649_2018122312,S
691_2018122312,C
762_2018122312,C
900_2018122312,I
937_2018122312,C
962_2018122312,C
1070_2018122312,C
1293_2018122312,C
1409_2018122312,I
1454_2018122312,I
1510_2018122312,S
1530_2018122312,C
1592_2018122312,C
1621_2018122312,C
1646_2018122312,IN
1723_2018122312,I
1745_2018122312,C
1854_2018122312,C
1879_2018122312,C
1908_2018122312,C
1958_2018122312,I
1980_2018122312,C
2083_2018122312,C
2134_2018122312,C
2159_2018122312,I
2185_2018122312,I
2210_2018122312,C
2259_2018122312,C
2378_2018122312,C
2403_2018122312,C
2480_2018122312,C
2526_2018122312,C
2577_2018122312,C
2606_2018122312,C
2713_2018122312,C
2777_2018122312,S
2820_2018122312,I
2862_2018122312,C
2913_2018122312,C
2991_2018122312,C
3048_2018122312,S
3068_2018122312,I
3128_2018122312,C
3157_2018122312,I
3179_2018122312,C
3214_2018122312,C
3243_2018122312,C
3317_2018122312,C
3342_2018122312,IN
3373_2018122312,C
3402_2018122312,C
3427_2018122312,C
3503_2018122312,C
3689_2018122312,C
3796_2018122312,C
3832_2018122312,I
3854_2018122312,C
3900_2018122312,C
3929_2018122312,I
3955_2018122312,I
3977_2018122312,I
51_2018122313,C
76_2018122313,C
137_2018122313,I
220_2018122313,C
245_2018122313,C
278_2018122313,IN
355_2018122313,C
386_2018122313,C
415_2018122313,C
444_2018122313,C
499_2018122313,C
524_2018122313,C
615_2018122313,C
672_2018122313,I
733_2018122313,I
891_2018122313,I
924_2018122313,I
946_2018122313,C
971_2018122313,C
1017_2018122313,I
1073_2018122313,I
1133_2018122313,C
1190_2018122313,I
1212_2018122313,C
1243_2018122313,I
1273_2018122313,I
1330_2018122313,C
1409_2018122313,I
1431_2018122313,S
1451_2018122313,I
1493_2018122313,C
1518_2018122313,C
1547_2018122313,C
1576_2018122313,I
1699_2018122313,C
1724_2018122313,I
1750_2018122313,C
1775_2018122313,C
1811_2018122313,C
1872_2018122313,S
1909_2018122313,C
1934_2018122313,I
1999_2018122313,I
2032_2018122313,I
2103_2018122313,C
2165_2018122313,C
2190_2018122313,C
2215_2018122313,C
2419_2018122313,C
2480_2018122313,C
2505_2018122313,C
2534_2018122313,I
2582_2018122313,C
2763_2018122313,C
2792_2018122313,C
2821_2018122313,C
2854_2018122313,I
2880_2018122313,C
2905_2018122313,C
2934_2018122313,I
2960_2018122313,I
2982_2018122313,C
3043_2018122313,C
3074_2018122313,S
3100_2018122313,I
3122_2018122313,S
3162_2018122313,C
3187_2018122313,C
3216_2018122313,I
3265_2018122313,C
3348_2018122313,C
3394_2018122313,I
3502_2018122313,C
3527_2018122313,C
3556_2018122313,C
3688_2018122313,C
3745_2018122313,C
3832_2018122313,C
3857_2018122313,I
3902_2018122313,C
3948_2018122313,S
3972_2018122313,C
4027_2018122313,C
4052_2018122313,C
4081_2018122313,I
4107_2018122313,I
4129_2018122313,C
4175_2018122313,I
4241_2018122313,I
4263_2018122313,I
4285_2018122313,C
4331_2018122313,C
4377_2018122313,C
4501_2018122313,I
4523_2018122313,I
4545_2018122313,I
4567_2018122313,C
4603_2018122313,C
4632_2018122313,I
4658_2018122313,I
4691_2018122313,C
73_2018122314,I
95_2018122314,I
255_2018122314,I
277_2018122314,C
549_2018122314,C
580_2018122314,I
624_2018122314,I
646_2018122314,I
668_2018122314,I
775_2018122314,C
800_2018122314,I
833_2018122314,I
877_2018122314,C
924_2018122314,S
944_2018122314,I
997_2018122314,S
1039_2018122314,C
1231_2018122314,C
1256_2018122314,C
1335_2018122314,I
1408_2018122314,C
1586_2018122314,I
1679_2018122314,C
1921_2018122314,C
1946_2018122314,I
1979_2018122314,I
2040_2018122314,C
2141_2018122314,I
2163_2018122314,C
2309_2018122314,I
2331_2018122314,C
2356_2018122314,C
2452_2018122314,C
2477_2018122314,S
2550_2018122314,I
2572_2018122314,I
2638_2018122314,C
2663_2018122314,C
2688_2018122314,C
2713_2018122314,C
2766_2018122314,C
2791_2018122314,C
2892_2018122314,C
2994_2018122314,C
3041_2018122314,C
3099_2018122314,I
3121_2018122314,I
3143_2018122314,I
3236_2018122314,C
3261_2018122314,I
3316_2018122314,C
3363_2018122314,C
3394_2018122314,I
3451_2018122314,C
3482_2018122314,C
3536_2018122314,I
3558_2018122314,I
3622_2018122314,C
3691_2018122314,I
3758_2018122314,I
3791_2018122314,C
3858_2018122314,C
3883_2018122314,C
3908_2018122314,C
3937_2018122314,I
3959_2018122314,C
4016_2018122314,I
4038_2018122314,C
4063_2018122314,C
4140_2018122314,I
4175_2018122314,C
4239_2018122314,C
4270_2018122314,S
4314_2018122314,C
4412_2018122314,C
4454_2018122314,I
4498_2018122314,I
105_2018122400,C
191_2018122400,C
216_2018122400,C
390_2018122400,I
466_2018122400,C
515_2018122400,S
562_2018122400,C
642_2018122400,I
686_2018122400,C
761_2018122400,C
794_2018122400,I
816_2018122400,I
865_2018122400,C
887_2018122400,I
1060_2018122400,S
1088_2018122400,C
1162_2018122400,C
1187_2018122400,C
1278_2018122400,C
1303_2018122400,C
1357_2018122400,C
1382_2018122400,C
1524_2018122400,C
1558_2018122400,C
1612_2018122400,I
1706_2018122400,C
1731_2018122400,C
1773_2018122400,C
1820_2018122400,I
1842_2018122400,C
1867_2018122400,I
1913_2018122400,C
1972_2018122400,I
2029_2018122400,I
2051_2018122400,I
2073_2018122400,C
2211_2018122400,I
2244_2018122400,C
2269_2018122400,I
2333_2018122400,C
2409_2018122400,C
2445_2018122400,I
2493_2018122400,C
2547_2018122400,I
2589_2018122400,C
2614_2018122400,I
2636_2018122400,I
2702_2018122400,C
2749_2018122400,C
2796_2018122400,C
2970_2018122400,C
3012_2018122400,C
3098_2018122400,C
3258_2018122400,I
3335_2018122400,C
3360_2018122400,C
3407_2018122400,C
3455_2018122400,C
3480_2018122400,C
3537_2018122400,I
3559_2018122400,C
3773_2018122400,I
3795_2018122400,IN
3900_2018122400,C
3978_2018122400,C
4003_2018122400,C
4073_2018122400,I
4129_2018122400,IN
131_2018123000,IN
181_2018123000,I
225_2018123000,C
272_2018123000,C
319_2018123000,I
351_2018123000,I
436_2018123000,I
458_2018123000,C
522_2018123000,C
587_2018123000,C
662_2018123000,I
684_2018123000,I
739_2018123000,C
912_2018123000,C
1167_2018123000,C
1192_2018123000,C
1223_2018123000,I
1245_2018123000,I
1307_2018123000,S
1383_2018123000,C
1491_2018123000,C
1598_2018123000,C
1651_2018123000,C
1676_2018123000,IN
1714_2018123000,C
1739_2018123000,C
1906_2018123000,I
1928_2018123000,I
1954_2018123000,I
2016_2018123000,C
2084_2018123000,S
2121_2018123000,I
2143_2018123000,I
2185_2018123000,C
2210_2018123000,I
2239_2018123000,C
2388_2018123000,C
2458_2018123000,I
2480_2018123000,I
2528_2018123000,C
2585_2018123000,I
2840_2018123000,S
2928_2018123000,C
2953_2018123000,I
3017_2018123000,C
3081_2018123000,C
3139_2018123000,C
3164_2018123000,C
3211_2018123000,C
3236_2018123000,C
3278_2018123000,S
3309_2018123000,I
3331_2018123000,C
3356_2018123000,I
3427_2018123000,C
3474_2018123000,I
3594_2018123000,C
3766_2018123000,C
3813_2018123000,C
3838_2018123000,C
3869_2018123000,C
3916_2018123000,C
3941_2018123000,I
3980_2018123000,C
4174_2018123000,I
4196_2018123000,C
4226_2018123000,I
4248_2018123000,C
4270_2018123000,I
4332_2018123000,I
4354_2018123000,I
4376_2018123000,IN
131_2018123001,I
165_2018123001,C
194_2018123001,S
236_2018123001,I
274_2018123001,C
435_2018123001,IN
472_2018123001,C
592_2018123001,C
649_2018123001,C
684_2018123001,I
732_2018123001,IN
769_2018123001,C
820_2018123001,C
871_2018123001,C
928_2018123001,C
1058_2018123001,I
1126_2018123001,C
1155_2018123001,I
1203_2018123001,S
1293_2018123001,I
1352_2018123001,C
1425_2018123001,S
1509_2018123001,C
1603_2018123001,C
1699_2018123001,I
1742_2018123001,C
1801_2018123001,C
1836_2018123001,I
1902_2018123001,C
1955_2018123001,C
2070_2018123001,IN
2237_2018123001,I
2263_2018123001,I
2321_2018123001,I
2343_2018123001,C
2426_2018123001,I
2448_2018123001,C
2503_2018123001,I
2551_2018123001,C
2620_2018123001,I
2646_2018123001,S
2704_2018123001,I
2785_2018123001,C
2877_2018123001,C
2950_2018123001,C
3013_2018123001,C
3064_2018123001,C
3089_2018123001,I
3115_2018123001,I
3216_2018123001,I
3238_2018123001,C
3358_2018123001,C
3393_2018123001,C
3440_2018123001,I
3523_2018123001,C
3620_2018123001,C
3671_2018123001,C
3704_2018123001,C
3755_2018123001,C
3819_2018123001,C
3865_2018123001,C
3931_2018123001,I
3983_2018123001,S
4067_2018123001,C
51_2018123002,I
95_2018123002,I
169_2018123002,S
189_2018123002,C
256_2018123002,C
311_2018123002,I
333_2018123002,I
420_2018123002,C
445_2018123002,I
531_2018123002,C
562_2018123002,C
615_2018123002,C
646_2018123002,I
668_2018123002,I
690_2018123002,C
811_2018123002,C
880_2018123002,I
924_2018123002,C
969_2018123002,C
1069_2018123002,C
1138_2018123002,C
1207_2018123002,I
1229_2018123002,C
1286_2018123002,C
1333_2018123002,C
1358_2018123002,I
1380_2018123002,I
1452_2018123002,C
1477_2018123002,I
1563_2018123002,C
1610_2018123002,C
1635_2018123002,I
1679_2018123002,C
1838_2018123002,C
1959_2018123002,I
1981_2018123002,I
2020_2018123002,C
2045_2018123002,I
2067_2018123002,C
2092_2018123002,I
2236_2018123002,C
2267_2018123002,C
2320_2018123002,I
2342_2018123002,S
2412_2018123002,C
2437_2018123002,S
2523_2018123002,C
2548_2018123002,I
2570_2018123002,C
2637_2018123002,C
2709_2018123002,C
2758_2018123002,I
2780_2018123002,I
2844_2018123002,I
2866_2018123002,C
2891_2018123002,C
2916_2018123002,C
2941_2018123002,C
2994_2018123002,I
3016_2018123002,I
3038_2018123002,I
3077_2018123002,C
3124_2018123002,I
3222_2018123002,I
3266_2018123002,C
3291_2018123002,I
3313_2018123002,S
3355_2018123002,C
3383_2018123002,I
3405_2018123002,I
3427_2018123002,I
3449_2018123002,C
3507_2018123002,C
3560_2018123002,C
3625_2018123002,C
3672_2018123002,IN
73_2018123003,C
98_2018123003,I
159_2018123003,C
206_2018123003,I
345_2018123003,C
452_2018123003,S
472_2018123003,C
497_2018123003,C
522_2018123003,C
750_2018123003,C
797_2018123003,I
851_2018123003,S
871_2018123003,C
896_2018123003,C
1047_2018123003,C
1293_2018123003,I
1315_2018123003,I
1356_2018123003,C
1381_2018123003,C
1468_2018123003,C
1516_2018123003,I
1538_2018123003,I
1609_2018123003,C
1737_2018123003,C
1762_2018123003,C
1863_2018123003,C
1911_2018123003,S
1984_2018123003,I
2028_2018123003,S
2230_2018123003,I
2272_2018123003,C
2319_2018123003,C
2350_2018123003,C
2403_2018123003,S
2423_2018123003,C
2493_2018123003,I
2505_2018123003,C
2541_2018123003,C
2572_2018123003,C
2597_2018123003,C
2622_2018123003,I
2721_2018123003,C
2746_2018123003,C
2815_2018123003,S
2845_2018123003,I
2909_2018123003,C
2934_2018123003,I
2995_2018123003,C
3062_2018123003,C
3093_2018123003,S
3141_2018123003,C
3203_2018123003,I
3225_2018123003,I
3247_2018123003,I
3311_2018123003,S
3335_2018123003,I
3357_2018123003,S
3403_2018123003,I
3468_2018123003,I
3532_2018123003,C
3569_2018123003,I
3591_2018123003,C
3616_2018123003,I
3638_2018123003,C
3685_2018123003,I
3707_2018123003,IN
3735_2018123003,C
3804_2018123003,C
3875_2018123003,C
3906_2018123003,C
4125_2018123003,C
78_2018123004,I
110_2018123004,I
132_2018123004,C
201_2018123004,C
290_2018123004,C
321_2018123004,C
385_2018123004,C
413_2018123004,I
442_2018123004,I
495_2018123004,C
542_2018123004,C
589_2018123004,I
611_2018123004,C
675_2018123004,I
697_2018123004,IN
810_2018123004,C
841_2018123004,C
866_2018123004,C
946_2018123004,C
977_2018123004,C
1042_2018123004,C
1067_2018123004,I
1089_2018123004,S
1126_2018123004,I
1170_2018123004,C
1198_2018123004,C
1229_2018123004,C
1254_2018123004,C
1427_2018123004,C
1474_2018123004,IN
1501_2018123004,I
1568_2018123004,C
1709_2018123004,I
1731_2018123004,C
1795_2018123004,C
1837_2018123004,C
1868_2018123004,I
1912_2018123004,I
1968_2018123004,C
1999_2018123004,C
2030_2018123004,IN
2309_2018123004,C
2334_2018123004,C
2417_2018123004,S
2455_2018123004,C
2544_2018123004,C
2575_2018123004,I
2597_2018123004,I
2619_2018123004,C
2723_2018123004,C
2770_2018123004,C
2795_2018123004,S
2815_2018123004,I
2837_2018123004,C
2914_2018123004,C
2939_2018123004,I
3094_2018123004,C
3205_2018123004,C
3230_2018123004,C
3283_2018123004,C
3370_2018123004,C
3439_2018123004,C
3642_2018123004,I
51_2018123005,C
76_2018123005,I
98_2018123005,I
399_2018123005,S
589_2018123005,C
614_2018123005,C
826_2018123005,C
937_2018123005,C
962_2018123005,S
1352_2018123005,C
1472_2018123005,C
1541_2018123005,I
1624_2018123005,C
1774_2018123005,C
1799_2018123005,C
1870_2018123005,C
1928_2018123005,C
1977_2018123005,I
1999_2018123005,I
2462_2018123005,I
2495_2018123005,C
2520_2018123005,S
2564_2018123005,I
2597_2018123005,C
2666_2018123005,C
2691_2018123005,C
2795_2018123005,C
3384_2018123005,I
3434_2018123005,I
3456_2018123005,I
3578_2018123005,C
3603_2018123005,I
3625_2018123005,I
3647_2018123005,I
3669_2018123005,I
3830_2018123005,C
3918_2018123005,C
3966_2018123005,S
3986_2018123005,C
4011_2018123005,C
4036_2018123005,I
117_2018123006,C
170_2018123006,C
195_2018123006,I
237_2018123006,I
281_2018123006,I
329_2018123006,C
382_2018123006,C
407_2018123006,C
476_2018123006,C
501_2018123006,C
526_2018123006,C
667_2018123006,I
713_2018123006,C
766_2018123006,I
788_2018123006,I
845_2018123006,I
867_2018123006,C
892_2018123006,C
934_2018123006,C
986_2018123006,C
1033_2018123006,C
1145_2018123006,I
1204_2018123006,I
1226_2018123006,I
1281_2018123006,I
1303_2018123006,C
1370_2018123006,C
1395_2018123006,C
1422_2018123006,C
1494_2018123006,C
1525_2018123006,C
1595_2018123006,C
1644_2018123006,I
1666_2018123006,C
1713_2018123006,C
1805_2018123006,I
1888_2018123006,S
1974_2018123006,C
2005_2018123006,S
2051_2018123006,C
2091_2018123006,I
2113_2018123006,I
2135_2018123006,I
2215_2018123006,I
2265_2018123006,S
2398_2018123006,C
2423_2018123006,C
2494_2018123006,C
2558_2018123006,I
2582_2018123006,C
2657_2018123006,C
2852_2018123006,I
2874_2018123006,C
2922_2018123006,S
3012_2018123006,C
3043_2018123006,C
3068_2018123006,C
3093_2018123006,S
3113_2018123006,C
3186_2018123006,I
3236_2018123006,I
3463_2018123006,C
3527_2018123006,C
3558_2018123006,C
3619_2018123006,C
3647_2018123006,C
3672_2018123006,I
3694_2018123006,C
99_2018123007,C
124_2018123007,I
150_2018123007,C
175_2018123007,I
245_2018123007,C
300_2018123007,C
458_2018123007,C
487_2018123007,I
531_2018123007,C
607_2018123007,C
708_2018123007,I
804_2018123007,I
837_2018123007,C
942_2018123007,C
967_2018123007,C
1028_2018123007,C
1140_2018123007,C
1169_2018123007,C
1285_2018123007,I
1351_2018123007,I
1384_2018123007,I
1406_2018123007,I
1428_2018123007,C
1479_2018123007,C
1504_2018123007,I
1530_2018123007,C
1731_2018123007,C
1792_2018123007,I
1837_2018123007,S
1874_2018123007,S
1921_2018123007,C
1972_2018123007,C
1997_2018123007,I
2034_2018123007,I
2056_2018123007,I
2078_2018123007,C
2195_2018123007,C
2220_2018123007,I
2332_2018123007,C
2361_2018123007,I
2446_2018123007,I
2532_2018123007,I
2580_2018123007,I
2624_2018123007,I
2665_2018123007,C
2756_2018123007,C
2823_2018123007,C
2925_2018123007,C
2950_2018123007,C
3089_2018123007,C
3118_2018123007,C
3183_2018123007,I
3238_2018123007,I
3322_2018123007,C
3379_2018123007,S
3493_2018123007,C
3518_2018123007,IN
3571_2018123007,I
3593_2018123007,C
65_2018123008,C
146_2018123008,C
171_2018123008,IN
199_2018123008,C
297_2018123008,C
328_2018123008,I
372_2018123008,I
414_2018123008,C
469_2018123008,C
526_2018123008,C
573_2018123008,S
600_2018123008,C
735_2018123008,I
757_2018123008,S
777_2018123008,I
819_2018123008,C
929_2018123008,I
971_2018123008,I
993_2018123008,C
1026_2018123008,I
1101_2018123008,I
1131_2018123008,C
1206_2018123008,C
1253_2018123008,C
1369_2018123008,I
1391_2018123008,C
1474_2018123008,I
1496_2018123008,I
1537_2018123008,C
1595_2018123008,C
1620_2018123008,C
1667_2018123008,S
1687_2018123008,C
1712_2018123008,I
1784_2018123008,I
1806_2018123008,C
1877_2018123008,C
1902_2018123008,I
1946_2018123008,C
1988_2018123008,C
2030_2018123008,I
2094_2018123008,I
2116_2018123008,I
2138_2018123008,C
2271_2018123008,S
2294_2018123008,C
2367_2018123008,I
2402_2018123008,C
2427_2018123008,C
2474_2018123008,C
2522_2018123008,C
2589_2018123008,C
2636_2018123008,I
2658_2018123008,C
2683_2018123008,C
2708_2018123008,C
2755_2018123008,C
2822_2018123008,I
2943_2018123008,C
3045_2018123008,C
3090_2018123008,I
3112_2018123008,C
3174_2018123008,C
3227_2018123008,C
3258_2018123008,I
3280_2018123008,C
3415_2018123008,C
3462_2018123008,I
3484_2018123008,C
3634_2018123008,I
3673_2018123008,C
3742_2018123008,C
3767_2018123008,I
3789_2018123008,C
3814_2018123008,C
3970_2018123008,C
4023_2018123008,C
4224_2018123008,I
4246_2018123008,C
4271_2018123008,C
4317_2018123008,I
4343_2018123008,C
4368_2018123008,I
4390_2018123008,I
4412_2018123008,I
4457_2018123008,C
4561_2018123008,I
4583_2018123008,I
4605_2018123008,I
4627_2018123008,I
81_2018123009,C
173_2018123009,C
242_2018123009,C
343_2018123009,C
432_2018123009,C
457_2018123009,I
536_2018123009,I
562_2018123009,C
609_2018123009,I
657_2018123009,S
677_2018123009,I
699_2018123009,I
782_2018123009,C
807_2018123009,C
849_2018123009,C
880_2018123009,C
949_2018123009,IN
1016_2018123009,C
1063_2018123009,C
1105_2018123009,I
1131_2018123009,C
1156_2018123009,S
1224_2018123009,C
1271_2018123009,C
1318_2018123009,C
1365_2018123009,C
1451_2018123009,C
1476_2018123009,I
1560_2018123009,I
1586_2018123009,I
1625_2018123009,C
1667_2018123009,C
1692_2018123009,C
1717_2018123009,I
1739_2018123009,I
1772_2018123009,C
1887_2018123009,I
1935_2018123009,S
2010_2018123009,C
2035_2018123009,I
2207_2018123009,S
2227_2018123009,C
2278_2018123009,C
2303_2018123009,I
2329_2018123009,C
2385_2018123009,I
2452_2018123009,C
2503_2018123009,C
2556_2018123009,C
2676_2018123009,I
2698_2018123009,C
2727_2018123009,C
2839_2018123009,I
2903_2018123009,C
2928_2018123009,C
2986_2018123009,C
3011_2018123009,I
3050_2018123009,C
3108_2018123009,C
3169_2018123009,C
3200_2018123009,I
3308_2018123009,I
3363_2018123009,S
3417_2018123009,C
3442_2018123009,C
3489_2018123009,C
3536_2018123009,I
3562_2018123009,I
3584_2018123009,C
3704_2018123009,C
3811_2018123009,I
3833_2018123009,I
3855_2018123009,C
3880_2018123009,I
59_2018123010,I
103_2018123010,I
173_2018123010,C
226_2018123010,C
257_2018123010,I
312_2018123010,I
334_2018123010,C
422_2018123010,C
447_2018123010,I
491_2018123010,C
516_2018123010,C
574_2018123010,C
599_2018123010,C
652_2018123010,C
683_2018123010,C
748_2018123010,I
798_2018123010,C
909_2018123010,C
951_2018123010,I
980_2018123010,C
1069_2018123010,I
1149_2018123010,I
1171_2018123010,C
1240_2018123010,I
1284_2018123010,S
1346_2018123010,C
1371_2018123010,C
1419_2018123010,S
1439_2018123010,C
1475_2018123010,I
1523_2018123010,S
1568_2018123010,C
1669_2018123010,I
1739_2018123010,I
1789_2018123010,C
1814_2018123010,I
1836_2018123010,C
1861_2018123010,C
1918_2018123010,C
1949_2018123010,C
1991_2018123010,C
2022_2018123010,C
2064_2018123010,C
2135_2018123010,C
2177_2018123010,I
2231_2018123010,C
2284_2018123010,I
2306_2018123010,C
2414_2018123010,C
2445_2018123010,I
2489_2018123010,C
2520_2018123010,I
2564_2018123010,C
2643_2018123010,C
2674_2018123010,I
2718_2018123010,I
2782_2018123010,C
2846_2018123010,C
2871_2018123010,C
2935_2018123010,C
2960_2018123010,I
3004_2018123010,C
3105_2018123010,IN
3132_2018123010,C
3163_2018123010,I
3323_2018123010,I
3365_2018123010,C
3434_2018123010,C
3481_2018123010,C
3506_2018123010,C
3585_2018123010,I
3607_2018123010,S
3638_2018123010,C
3669_2018123010,C
3694_2018123010,C
3719_2018123010,C
3782_2018123010,C
3851_2018123010,IN
3878_2018123010,C
3903_2018123010,C
3958_2018123010,C
4005_2018123010,C
4124_2018123010,C
4205_2018123010,C
88_2018123011,I
110_2018123011,C
177_2018123011,C
227_2018123011,C
303_2018123011,C
409_2018123011,C
434_2018123011,I
456_2018123011,C
523_2018123011,C
570_2018123011,I
621_2018123011,I
745_2018123011,I
767_2018123011,C
919_2018123011,C
944_2018123011,C
1005_2018123011,C
1030_2018123011,C
1083_2018123011,C
1148_2018123011,C
1230_2018123011,C
1255_2018123011,I
1307_2018123011,IN
1388_2018123011,C
1413_2018123011,I
1509_2018123011,I
1531_2018123011,C
1573_2018123011,C
1642_2018123011,I
1734_2018123011,C
1759_2018123011,C
1784_2018123011,I
1806_2018123011,I
1828_2018123011,I
1884_2018123011,C
1926_2018123011,C
1974_2018123011,C
2016_2018123011,C
2058_2018123011,C
2109_2018123011,I
2227_2018123011,C
2371_2018123011,I
2416_2018123011,C
2441_2018123011,C
2577_2018123011,I
2727_2018123011,I
2812_2018123011,I
2959_2018123011,I
3009_2018123011,I
3122_2018123011,C
3196_2018123011,C
3323_2018123011,C
3348_2018123011,S
3387_2018123011,C
3459_2018123011,C
3490_2018123011,C
3561_2018123011,IN
3588_2018123011,C
3613_2018123011,C
3883_2018123011,C
3947_2018123011,C
4044_2018123011,C
4089_2018123011,I
4219_2018123011,C
4261_2018123011,IN
60_2018123012,IN
160_2018123012,I
182_2018123012,C
258_2018123012,C
283_2018123012,IN
352_2018123012,C
378_2018123012,I
400_2018123012,I
474_2018123012,S
494_2018123012,I
564_2018123012,I
586_2018123012,I
634_2018123012,C
709_2018123012,C
738_2018123012,C
769_2018123012,C
794_2018123012,C
847_2018123012,C
878_2018123012,C
993_2018123012,C
1164_2018123012,C
1233_2018123012,C
1258_2018123012,C
1283_2018123012,C
1314_2018123012,C
1339_2018123012,S
1359_2018123012,C
1384_2018123012,C
1453_2018123012,C
1587_2018123012,C
1633_2018123012,C
1690_2018123012,I
1811_2018123012,I
1833_2018123012,C
1987_2018123012,C
2034_2018123012,C
2178_2018123012,I
2241_2018123012,C
2288_2018123012,C
2319_2018123012,C
2350_2018123012,C
2403_2018123012,C
2428_2018123012,C
2522_2018123012,I
2548_2018123012,C
2666_2018123012,C
2713_2018123012,I
2739_2018123012,C
2789_2018123012,I
2811_2018123012,I
2833_2018123012,I
2897_2018123012,S
2917_2018123012,I
2965_2018123012,C
3026_2018123012,I
3048_2018123012,C
3073_2018123012,S
3093_2018123012,S
3211_2018123012,C
3320_2018123012,C
3367_2018123012,S
3387_2018123012,C
3412_2018123012,C
3443_2018123012,C
3474_2018123012,C
3505_2018123012,C
3530_2018123012,I
3552_2018123012,I
3574_2018123012,S
84_2018123013,I
117_2018123013,I
161_2018123013,IN
194_2018123013,C
219_2018123013,C
273_2018123013,I
295_2018123013,C
320_2018123013,I
405_2018123013,C
458_2018123013,I
480_2018123013,I
563_2018123013,I
622_2018123013,C
653_2018123013,C
678_2018123013,I
700_2018123013,C
725_2018123013,IN
752_2018123013,I
818_2018123013,C
876_2018123013,I
898_2018123013,I
1079_2018123013,C
1199_2018123013,I
1241_2018123013,C
1266_2018123013,C
1291_2018123013,I
1313_2018123013,I
1335_2018123013,C
1399_2018123013,C
1465_2018123013,C
1490_2018123013,C
1515_2018123013,C
1723_2018123013,C
1795_2018123013,C
1861_2018123013,C
1886_2018123013,I
1908_2018123013,I
1930_2018123013,IN
1978_2018123013,I
2000_2018123013,C
2064_2018123013,C
2106_2018123013,C
2148_2018123013,S
2304_2018123013,C
2329_2018123013,C
2411_2018123013,C
2436_2018123013,C
2586_2018123013,C
2611_2018123013,I
2655_2018123013,C
2845_2018123013,C
2870_2018123013,C
3000_2018123013,C
3049_2018123013,I
3098_2018123013,C
3164_2018123013,C
3238_2018123013,I
3286_2018123013,C
3345_2018123013,C
3392_2018123013,C
3610_2018123013,C
3634_2018123013,C
3787_2018123013,S
3827_2018123013,C
3852_2018123013,I
3874_2018123013,C
3899_2018123013,C
3958_2018123013,I
4019_2018123013,C
4052_2018123013,I
4074_2018123013,I
4102_2018123013,I
4238_2018123013,S
59_2018123014,C
211_2018123014,C
307_2018123014,I
329_2018123014,IN
555_2018123014,C
580_2018123014,C
627_2018123014,I
649_2018123014,C
674_2018123014,C
699_2018123014,I
721_2018123014,C
746_2018123014,IN
839_2018123014,I
988_2018123014,S
1111_2018123014,I
1133_2018123014,C
1212_2018123014,C
1248_2018123014,I
1273_2018123014,I
1420_2018123014,IN
1479_2018123014,S
1499_2018123014,I
1577_2018123014,C
1686_2018123014,C
1737_2018123014,I
1759_2018123014,C
1795_2018123014,I
1839_2018123014,C
1889_2018123014,C
1946_2018123014,C
1975_2018123014,C
2022_2018123014,I
2080_2018123014,C
2148_2018123014,I
2170_2018123014,I
2203_2018123014,C
2264_2018123014,I
2286_2018123014,I
2325_2018123014,C
2350_2018123014,C
2375_2018123014,C
2400_2018123014,C
2431_2018123014,I
2470_2018123014,C
2542_2018123014,I
2564_2018123014,C
2589_2018123014,I
2751_2018123014,C
2776_2018123014,C
2855_2018123014,C
2935_2018123014,C
2960_2018123014,I
2982_2018123014,C
3280_2018123014,C
3359_2018123014,C
3396_2018123014,C
3421_2018123014,S
3534_2018123014,C
3603_2018123014,I
3687_2018123014,C
3712_2018123014,C
3737_2018123014,I
3798_2018123014,C
3845_2018123014,C
3870_2018123014,C
4088_2018123014,C
4181_2018123014,C
4206_2018123014,C
61_2018123015,I
225_2018123015,I
269_2018123015,C
322_2018123015,IN
349_2018123015,I
393_2018123015,C
418_2018123015,I
462_2018123015,I
572_2018123015,S
640_2018123015,I
662_2018123015,C
687_2018123015,I
709_2018123015,C
804_2018123015,I
848_2018123015,C
949_2018123015,C
991_2018123015,C
1044_2018123015,S
1135_2018123015,C
1160_2018123015,C
1275_2018123015,C
1300_2018123015,I
1322_2018123015,C
1375_2018123015,I
1485_2018123015,S
1585_2018123015,C
1694_2018123015,S
1768_2018123015,C
1810_2018123015,S
1874_2018123015,I
1896_2018123015,C
1921_2018123015,S
1984_2018123015,C
2009_2018123015,I
2031_2018123015,C
2073_2018123015,C
2104_2018123015,I
2126_2018123015,S
2223_2018123015,I
2252_2018123015,C
2348_2018123015,C
2373_2018123015,I
2425_2018123015,I
2447_2018123015,I
2469_2018123015,S
2557_2018123015,C
2604_2018123015,C
2629_2018123015,I
2742_2018123015,S
2814_2018123015,C
2903_2018123015,I
2976_2018123015,I
2998_2018123015,C
3045_2018123015,I
3089_2018123015,S
3180_2018123015,I
3351_2018123015,C
3576_2018123015,C
3601_2018123015,S
3653_2018123015,C
3678_2018123015,I
3734_2018123015,S
3794_2018123015,C
3819_2018123015,C
3932_2018123015,S
3969_2018123015,I
4057_2018123015,C
4104_2018123015,C
